verb,verb_label,num
open,0,2072
put,1,1776
pick-up,2,1660
take,3,1393
put-down,4,1306
close,5,1116
rinse,6,803
wash,7,673
stir,8,512
cut,9,433
place,10,371
pour,11,321
move,12,313
get,13,279
turn-on,14,276
clean,15,231
turn-off,16,207
grab,17,207
remove,18,193
peel,19,183
